"","Annot","Term","Annotated","Significant","Pvalue","Padj","GeneID"
"GO:0009987","GO:0009987","cellular process",17459,114,6.61095909391664e-13,1.85966279311875e-09,"Abca1,Abcc1,Abcd2,Acaca,Acer3,Agmo,Alas1,Ankrd50,Anxa3,Arnt2,Atp1b2,Atp2c1,Atp6v1h,Atp8b5,Bach1,Car4,Cbr3,Ccr6,Cd276,Chst7,Clec16a,Clip4,Col27a1,Copb1,Coq7,Ctsc,Dnajc19,Dusp7,Eif3e,Eif3h,Epha5,Flt1,Gaa,Gab2,Gpr37l1,Gria1,Gxylt1,Heatr1,Hey1,Hlf,Ifnar2,Ipo11,Itga5,Kdm6a,Kif21a,Lamp2,Litaf,Manba,Marcksl1,Mier3,Mitf,Mtfr1l,Mtus1,Myom1,Nnt,Nrxn1,Nudt6,Nupl2,Osbpl8,P2ry2,P2ry6,Parp8,Pde10a,Pde4d,Pdlim5,Pdzd8,Plekhb2,Poc1a,Prickle1,Prune2,Ptprm,Rab3c,Rap2b,Rapgef5,Rassf3,Rbfox1,Rgmb,Rpl29,Rpl5,Rps15a,Rps6,Rps7,Sel1l,Serpinb9b,Sfn,Sgk3,Slc25a47,Slc39a10,Slc4a4,Slco2b1,Slfn8,Slfn9,Sod1,Sox11,Spata6,St18,Stau2,Syce2,Synj2,Tceanc2,Thy1,Tlr9,Tm9sf4,Tmx3,Tom1l1,Tram1,Trim44,Trpm6,Tubb2a,Unc13b,Zdhhc21,Zfat,Zmat3,Zswim6"
"GO:0051179","GO:0051179","localization",6301,61,9.39150174987908e-11,1.32091472112049e-07,"Abca1,Abcc1,Abcd2,Akap10,Ankrd50,Antxr2,Anxa3,Atp1b2,Atp2c1,Atp6v1h,Atp8b5,Car4,Ccr6,Clec16a,Copb1,Dnajc19,Epha5,Flt1,Gaa,Gab2,Gria1,Ipo11,Itga5,Lamp2,Mitf,Mtus1,Myom1,Nnt,Nrxn1,Nupl2,Osbpl8,P2ry2,P2ry6,Pctp,Pde4d,Pdzd8,Prickle1,Ptprm,Rab3c,Rap2b,Sel1l,Sfn,Slc25a47,Slc39a10,Slc4a4,Slco2b1,Sod1,Sox11,Stau2,Synj2,Thy1,Tlr9,Tm9sf4,Tom1l1,Tram1,Trpm6,Tubb2a,Unc13b,Zdhhc21,Zmat3,Zswim6"
"GO:0006810","GO:0006810","transport",4547,50,1.70597631340964e-10,1.59963712320711e-07,"Abca1,Abcc1,Abcd2,Ankrd50,Antxr2,Anxa3,Atp1b2,Atp2c1,Atp6v1h,Atp8b5,Car4,Clec16a,Copb1,Dnajc19,Epha5,Gab2,Gria1,Ipo11,Lamp2,Myom1,Nnt,Nrxn1,Nupl2,Osbpl8,P2ry2,P2ry6,Pctp,Pde4d,Pdzd8,Prickle1,Rab3c,Sel1l,Sfn,Slc25a47,Slc39a10,Slc4a4,Slco2b1,Sod1,Sox11,Stau2,Synj2,Thy1,Tlr9,Tm9sf4,Tom1l1,Tram1,Trpm6,Unc13b,Zdhhc21,Zmat3"
"GO:0051234","GO:0051234","establishment of localization",4707,50,5.88349028086819e-10,4.13756454002056e-07,"Abca1,Abcc1,Abcd2,Ankrd50,Antxr2,Anxa3,Atp1b2,Atp2c1,Atp6v1h,Atp8b5,Car4,Clec16a,Copb1,Dnajc19,Epha5,Gab2,Gria1,Ipo11,Lamp2,Myom1,Nnt,Nrxn1,Nupl2,Osbpl8,P2ry2,P2ry6,Pctp,Pde4d,Pdzd8,Prickle1,Rab3c,Sel1l,Sfn,Slc25a47,Slc39a10,Slc4a4,Slco2b1,Sod1,Sox11,Stau2,Synj2,Thy1,Tlr9,Tm9sf4,Tom1l1,Tram1,Trpm6,Unc13b,Zdhhc21,Zmat3"
"GO:0048522","GO:0048522","positive regulation of cellular process",6055,56,5.8595039042763e-09,3.29655689654585e-06,"Abca1,Abcc1,Abcd2,Acer3,Anxa3,Arnt2,Atp1b2,Atp2c1,Bach1,Ccr6,Cd276,Clec16a,Coq7,Ctsc,Eif3e,Epha5,Flt1,Gab2,Gpr37l1,Gria1,Heatr1,Hey1,Hlf,Itga5,Litaf,Marcksl1,Mitf,Myom1,Nnt,Nrxn1,Osbpl8,P2ry2,P2ry6,Pde4d,Poc1a,Prickle1,Rap2b,Rgmb,Rpl5,Rps15a,Rps6,Rps7,Sfn,Slc39a10,Slc4a4,Sod1,Sox11,St18,Stau2,Thy1,Tlr9,Tm9sf4,Tom1l1,Trim44,Unc13b,Zmat3"
"GO:0008152","GO:0008152","metabolic process",11312,82,1.16962413943382e-08,5.48358784037887e-06,"Abca1,Abcc1,Abcd2,Acaca,Acer3,Agmo,Alas1,Anxa3,Arnt2,Bach1,Car4,Casd1,Cbr3,Ccr6,Cd276,Chst7,Clec16a,Coq7,Ctsc,Dnajc19,Dusp7,Eif3e,Eif3h,Epha5,F9,Flt1,Gaa,Gria1,Gxylt1,Heatr1,Hey1,Hlf,Ifnar2,Itga5,Kdm6a,Lamp2,Litaf,Manba,Mier3,Mitf,Mtfr1l,Myom1,Nnt,Nrxn1,Osbpl8,P2ry2,P2ry6,Parp8,Pctp,Pde10a,Pde4d,Prickle1,Ptprm,Rap2b,Rbfox1,Rgmb,Rpl29,Rpl5,Rps6,Rps7,Sel1l,Serpinb9b,Sfn,Sgk3,Slc39a10,Slc4a4,Slfn8,Slfn9,Sod1,Sox11,St18,Stau2,Synj2,Tceanc2,Thy1,Tlr9,Tmx3,Tom1l1,Trim44,Trpm6,Zdhhc21,Zfat"
"GO:0071704","GO:0071704","organic substance metabolic process",10872,79,3.1322409818803e-08,1.25871341171847e-05,"Abca1,Abcc1,Abcd2,Acaca,Acer3,Agmo,Alas1,Anxa3,Arnt2,Bach1,Casd1,Cbr3,Ccr6,Cd276,Chst7,Clec16a,Coq7,Ctsc,Dnajc19,Dusp7,Eif3e,Eif3h,Epha5,F9,Flt1,Gaa,Gria1,Gxylt1,Heatr1,Hey1,Hlf,Ifnar2,Itga5,Kdm6a,Lamp2,Litaf,Manba,Mier3,Mitf,Myom1,Nnt,Nrxn1,Osbpl8,P2ry2,P2ry6,Parp8,Pctp,Pde4d,Prickle1,Ptprm,Rap2b,Rbfox1,Rgmb,Rpl29,Rpl5,Rps6,Rps7,Sel1l,Serpinb9b,Sfn,Sgk3,Slc39a10,Slc4a4,Slfn8,Slfn9,Sod1,Sox11,St18,Stau2,Synj2,Tceanc2,Thy1,Tlr9,Tmx3,Tom1l1,Trim44,Trpm6,Zdhhc21,Zfat"
"GO:0048518","GO:0048518","positive regulation of biological process",6618,57,5.58726310609498e-08,1.96462138968065e-05,"Abca1,Abcc1,Abcd2,Acer3,Anxa3,Arnt2,Atp1b2,Atp2c1,Bach1,Ccr6,Cd276,Clec16a,Coq7,Ctsc,Eif3e,Epha5,Flt1,Gab2,Gpr37l1,Gria1,Heatr1,Hey1,Hlf,Itga5,Kdm6a,Litaf,Marcksl1,Mitf,Myom1,Nnt,Nrxn1,Osbpl8,P2ry2,P2ry6,Pde4d,Poc1a,Prickle1,Rap2b,Rgmb,Rpl5,Rps15a,Rps6,Rps7,Sfn,Slc39a10,Slc4a4,Sod1,Sox11,St18,Stau2,Thy1,Tlr9,Tm9sf4,Tom1l1,Trim44,Unc13b,Zmat3"
"GO:0044237","GO:0044237","cellular metabolic process",9992,74,7.16742837062312e-08,2.24021955628476e-05,"Abca1,Abcc1,Abcd2,Acaca,Acer3,Agmo,Alas1,Anxa3,Arnt2,Bach1,Car4,Cbr3,Ccr6,Chst7,Clec16a,Coq7,Ctsc,Dnajc19,Dusp7,Eif3e,Eif3h,Epha5,Flt1,Gaa,Gria1,Gxylt1,Heatr1,Hey1,Hlf,Ifnar2,Itga5,Kdm6a,Lamp2,Litaf,Manba,Mier3,Mitf,Mtfr1l,Nnt,Nrxn1,Osbpl8,P2ry6,Parp8,Pde4d,Prickle1,Ptprm,Rap2b,Rbfox1,Rgmb,Rpl29,Rpl5,Rps6,Rps7,Sel1l,Serpinb9b,Sfn,Sgk3,Slc39a10,Slc4a4,Slfn8,Slfn9,Sod1,Sox11,St18,Synj2,Tceanc2,Thy1,Tlr9,Tmx3,Tom1l1,Trim44,Trpm6,Zdhhc21,Zfat"
"GO:0051649","GO:0051649","establishment of localization in cell",2137,28,1.78718290976353e-07,4.84961386693956e-05,"Abca1,Abcd2,Ankrd50,Anxa3,Clec16a,Copb1,Dnajc19,Epha5,Gab2,Ipo11,Lamp2,Nrxn1,Nupl2,P2ry2,P2ry6,Pde4d,Prickle1,Sel1l,Sfn,Sod1,Stau2,Synj2,Thy1,Tm9sf4,Tom1l1,Tram1,Unc13b,Zdhhc21"
"GO:0071702","GO:0071702","organic substance transport",2429,30,2.11842367467024e-07,4.84961386693956e-05,"Abca1,Abcc1,Abcd2,Atp2c1,Atp8b5,Car4,Copb1,Dnajc19,Epha5,Ipo11,Lamp2,Myom1,Nrxn1,Nupl2,Osbpl8,P2ry2,Pctp,Pdzd8,Prickle1,Rab3c,Sel1l,Sfn,Slc4a4,Slco2b1,Tm9sf4,Tom1l1,Tram1,Unc13b,Zdhhc21,Zmat3"
"GO:0048523","GO:0048523","negative regulation of cellular process",5087,47,2.18564992473286e-07,4.84961386693956e-05,"Abcc1,Abcd2,Arnt2,Atp1b2,Bach1,Cd276,Clec16a,Coq7,Ctsc,Dusp7,Eif3h,Epha5,Flt1,Gpr37l1,Gria1,Hey1,Itga5,Lamp2,Litaf,Mier3,Mitf,Nnt,Nrxn1,Nudt6,Osbpl8,P2ry6,Pde10a,Pde4d,Prickle1,Ptprm,Rap2b,Rpl5,Rps6,Rps7,Serpinb9b,Sfn,Sgk3,Slc39a10,Sod1,Sox11,St18,Stau2,Thy1,Tlr9,Tom1l1,Trim44,Zmat3"
"GO:0048878","GO:0048878","chemical homeostasis",1287,21,2.43061898582224e-07,4.84961386693956e-05,"Abca1,Acaca,Atp1b2,Atp2c1,Car4,Ccr6,Epha5,Nnt,Nrxn1,P2ry2,P2ry6,Pde4d,Pdzd8,Rps6,Sfn,Slc39a10,Slc4a4,Sod1,Thy1,Tm9sf4,Unc13b"
"GO:0065007","GO:0065007","biological regulation",13136,87,2.54646493877475e-07,4.84961386693956e-05,"Abca1,Abcc1,Abcd2,Acaca,Acer3,Alas1,Anxa3,Arnt2,Atp1b2,Atp2c1,Atp8b5,Bach1,Car4,Ccr6,Cd276,Clec16a,Coq7,Ctsc,Dnajc19,Dusp7,Eif3e,Eif3h,Epha5,F9,Flt1,Gaa,Gab2,Gpr37l1,Gria1,Heatr1,Hey1,Hlf,Ifnar2,Itga5,Kdm6a,Lamp2,Litaf,Marcksl1,Mier3,Mitf,Mtus1,Myom1,Nnt,Nrxn1,Nudt6,Osbpl8,P2ry2,P2ry6,Pctp,Pde10a,Pde4d,Pdlim5,Pdzd8,Plekhb2,Poc1a,Prickle1,Ptprm,Rab3c,Rap2b,Rapgef5,Rassf3,Rbfox1,Rgmb,Rpl5,Rps15a,Rps6,Rps7,Sel1l,Serpinb9b,Sfn,Sgk3,Slc39a10,Slc4a4,Sod1,Sox11,St18,Stau2,Thy1,Tlr9,Tm9sf4,Tom1l1,Trim44,Unc13b,Zdhhc21,Zfat,Zmat3,Zswim6"
"GO:0051641","GO:0051641","cellular localization",2889,33,2.73851207310941e-07,4.84961386693956e-05,"Abca1,Abcd2,Ankrd50,Anxa3,Atp2c1,Clec16a,Copb1,Dnajc19,Epha5,Gaa,Gab2,Ipo11,Lamp2,Nrxn1,Nupl2,Osbpl8,P2ry2,P2ry6,Pde4d,Pdzd8,Prickle1,Rab3c,Sel1l,Sfn,Sod1,Stau2,Synj2,Thy1,Tm9sf4,Tom1l1,Tram1,Unc13b,Zdhhc21"
"GO:0044238","GO:0044238","primary metabolic process",9877,72,2.82049588027704e-07,4.84961386693956e-05,"Abca1,Abcd2,Acaca,Acer3,Agmo,Alas1,Anxa3,Arnt2,Bach1,Casd1,Ccr6,Chst7,Clec16a,Coq7,Ctsc,Dnajc19,Dusp7,Eif3e,Eif3h,Epha5,F9,Flt1,Gaa,Gxylt1,Heatr1,Hey1,Hlf,Ifnar2,Itga5,Kdm6a,Lamp2,Litaf,Manba,Mier3,Mitf,Nnt,Nrxn1,Osbpl8,P2ry6,Parp8,Pctp,Pde4d,Prickle1,Ptprm,Rap2b,Rbfox1,Rgmb,Rpl29,Rpl5,Rps6,Rps7,Sel1l,Serpinb9b,Sfn,Sgk3,Slc39a10,Slc4a4,Slfn8,Slfn9,Sod1,Sox11,St18,Synj2,Tceanc2,Thy1,Tlr9,Tmx3,Tom1l1,Trim44,Trpm6,Zdhhc21,Zfat"
"GO:0048519","GO:0048519","negative regulation of biological process",5659,50,2.94076487402767e-07,4.84961386693956e-05,"Abcc1,Abcd2,Arnt2,Atp1b2,Bach1,Cd276,Clec16a,Coq7,Ctsc,Dusp7,Eif3e,Eif3h,Epha5,Flt1,Gpr37l1,Gria1,Hey1,Itga5,Lamp2,Litaf,Mier3,Mitf,Nnt,Nrxn1,Nudt6,Osbpl8,P2ry2,P2ry6,Pctp,Pde10a,Pde4d,Prickle1,Ptprm,Rap2b,Rpl5,Rps6,Rps7,Serpinb9b,Sfn,Sgk3,Slc39a10,Sod1,Sox11,St18,Stau2,Thy1,Tlr9,Tom1l1,Trim44,Zmat3"
"GO:0042592","GO:0042592","homeostatic process",1928,26,3.10320119462894e-07,4.84961386693956e-05,"Abca1,Acaca,Alas1,Atp1b2,Atp2c1,Car4,Ccr6,Epha5,Gaa,Lamp2,Nnt,Nrxn1,P2ry2,P2ry6,Pctp,Pde4d,Pdzd8,Rps6,Sfn,Slc39a10,Slc4a4,Sod1,Thy1,Tlr9,Tm9sf4,Unc13b"
"GO:0019725","GO:0019725","cellular homeostasis",977,18,3.4067112682545e-07,5.04372568294732e-05,"Atp1b2,Atp2c1,Ccr6,Epha5,Gaa,Lamp2,Nnt,Nrxn1,P2ry2,P2ry6,Pde4d,Pdzd8,Slc39a10,Slc4a4,Sod1,Thy1,Tm9sf4,Unc13b"
"GO:0043170","GO:0043170","macromolecule metabolic process",9324,69,3.76137433721813e-07,5.29037300529729e-05,"Abca1,Abcd2,Acaca,Alas1,Anxa3,Arnt2,Bach1,Ccr6,Cd276,Chst7,Clec16a,Coq7,Ctsc,Dusp7,Eif3e,Eif3h,Epha5,F9,Flt1,Gaa,Gria1,Gxylt1,Heatr1,Hey1,Hlf,Ifnar2,Itga5,Kdm6a,Lamp2,Litaf,Manba,Mier3,Mitf,Myom1,Nnt,Nrxn1,Osbpl8,P2ry2,Parp8,Pde4d,Prickle1,Ptprm,Rap2b,Rbfox1,Rgmb,Rpl29,Rpl5,Rps6,Rps7,Sel1l,Serpinb9b,Sfn,Sgk3,Slc39a10,Slfn8,Slfn9,Sod1,Sox11,St18,Stau2,Tceanc2,Thy1,Tlr9,Tmx3,Tom1l1,Trim44,Trpm6,Zdhhc21,Zfat"
"GO:0009893","GO:0009893","positive regulation of metabolic process",3809,38,8.2174953189555e-07,0.000110075306343913,"Abcd2,Anxa3,Arnt2,Bach1,Cd276,Clec16a,Coq7,Ctsc,Eif3e,Epha5,Flt1,Heatr1,Hey1,Hlf,Itga5,Kdm6a,Litaf,Mitf,Myom1,Nnt,Nrxn1,Osbpl8,P2ry2,P2ry6,Pde4d,Prickle1,Rap2b,Rgmb,Rpl5,Rps7,Slc39a10,Slc4a4,Sod1,Sox11,St18,Tlr9,Tom1l1,Trim44"
"GO:0065008","GO:0065008","regulation of biological quality",4140,40,8.61456384256337e-07,0.000110148945859685,"Abca1,Abcc1,Acaca,Alas1,Atp1b2,Atp2c1,Atp8b5,Car4,Ccr6,Epha5,F9,Gaa,Gpr37l1,Gria1,Lamp2,Nnt,Nrxn1,P2ry2,P2ry6,Pctp,Pde4d,Pdlim5,Pdzd8,Ptprm,Rap2b,Rpl5,Rps6,Rps7,Sfn,Slc39a10,Slc4a4,Sod1,Sox11,Stau2,Thy1,Tlr9,Tm9sf4,Trim44,Unc13b,Zdhhc21"
"GO:0050794","GO:0050794","regulation of cellular process",11920,80,1.11458552249906e-06,0.000136318655425646,"Abca1,Abcc1,Abcd2,Acer3,Anxa3,Arnt2,Atp1b2,Atp2c1,Bach1,Ccr6,Cd276,Clec16a,Coq7,Ctsc,Dnajc19,Dusp7,Eif3e,Eif3h,Epha5,Flt1,Gab2,Gpr37l1,Gria1,Heatr1,Hey1,Hlf,Ifnar2,Itga5,Kdm6a,Lamp2,Litaf,Marcksl1,Mier3,Mitf,Mtus1,Myom1,Nnt,Nrxn1,Nudt6,Osbpl8,P2ry2,P2ry6,Pde10a,Pde4d,Pdlim5,Pdzd8,Plekhb2,Poc1a,Prickle1,Ptprm,Rab3c,Rap2b,Rapgef5,Rassf3,Rbfox1,Rgmb,Rpl5,Rps15a,Rps6,Rps7,Sel1l,Serpinb9b,Sfn,Sgk3,Slc39a10,Slc4a4,Sod1,Sox11,St18,Stau2,Thy1,Tlr9,Tm9sf4,Tom1l1,Trim44,Unc13b,Zdhhc21,Zfat,Zmat3,Zswim6"
"GO:0030334","GO:0030334","regulation of cell migration",968,17,1.43046078315026e-06,0.000167661924291737,"Abcc1,Anxa3,Atp1b2,Ccr6,Flt1,Gab2,Itga5,Mitf,Mtus1,Osbpl8,P2ry2,P2ry6,Pde4d,Ptprm,Rap2b,Thy1,Zswim6"
"GO:0050789","GO:0050789","regulation of biological process",12509,82,1.94980642452815e-06,0.000219392218887907,"Abca1,Abcc1,Abcd2,Acer3,Anxa3,Arnt2,Atp1b2,Atp2c1,Bach1,Ccr6,Cd276,Clec16a,Coq7,Ctsc,Dnajc19,Dusp7,Eif3e,Eif3h,Epha5,Flt1,Gaa,Gab2,Gpr37l1,Gria1,Heatr1,Hey1,Hlf,Ifnar2,Itga5,Kdm6a,Lamp2,Litaf,Marcksl1,Mier3,Mitf,Mtus1,Myom1,Nnt,Nrxn1,Nudt6,Osbpl8,P2ry2,P2ry6,Pctp,Pde10a,Pde4d,Pdlim5,Pdzd8,Plekhb2,Poc1a,Prickle1,Ptprm,Rab3c,Rap2b,Rapgef5,Rassf3,Rbfox1,Rgmb,Rpl5,Rps15a,Rps6,Rps7,Sel1l,Serpinb9b,Sfn,Sgk3,Slc39a10,Slc4a4,Sod1,Sox11,St18,Stau2,Thy1,Tlr9,Tm9sf4,Tom1l1,Trim44,Unc13b,Zdhhc21,Zfat,Zmat3,Zswim6"
"GO:0055085","GO:0055085","transmembrane transport",1347,20,2.08668609735784e-06,0.0002257633843026,"Abca1,Abcc1,Abcd2,Atp1b2,Atp2c1,Atp6v1h,Dnajc19,Nnt,Nrxn1,Osbpl8,P2ry6,Pde4d,Slc25a47,Slc39a10,Slc4a4,Slco2b1,Thy1,Tlr9,Tram1,Trpm6"
"GO:2000145","GO:2000145","regulation of cell motility",1025,17,3.08575765308123e-06,0.00032149023252287,"Abcc1,Anxa3,Atp1b2,Ccr6,Flt1,Gab2,Itga5,Mitf,Mtus1,Osbpl8,P2ry2,P2ry6,Pde4d,Ptprm,Rap2b,Thy1,Zswim6"
"GO:0031325","GO:0031325","positive regulation of cellular metabolic process",3274,33,4.47093881780672e-06,0.000449169674803225,"Abcd2,Anxa3,Arnt2,Bach1,Clec16a,Coq7,Ctsc,Eif3e,Epha5,Flt1,Heatr1,Hey1,Hlf,Itga5,Litaf,Mitf,Nnt,Nrxn1,Osbpl8,P2ry6,Pde4d,Prickle1,Rap2b,Rgmb,Rpl5,Slc39a10,Slc4a4,Sod1,Sox11,St18,Tlr9,Tom1l1,Trim44"
"GO:0040012","GO:0040012","regulation of locomotion",1072,17,5.58503139123551e-06,0.000527166989303327,"Abcc1,Anxa3,Atp1b2,Ccr6,Flt1,Gab2,Itga5,Mitf,Mtus1,Osbpl8,P2ry2,P2ry6,Pde4d,Ptprm,Rap2b,Thy1,Zswim6"
"GO:0035556","GO:0035556","intracellular signal transduction",2544,28,5.62211506544607e-06,0.000527166989303327,"Abca1,Ccr6,Clec16a,Dusp7,Epha5,Flt1,Gab2,Gpr37l1,Litaf,Myom1,Nrxn1,Osbpl8,P2ry6,Pde10a,Pde4d,Pdzd8,Rap2b,Rapgef5,Rpl5,Rps6,Rps7,Sfn,Sgk3,Sod1,Sox11,Tlr9,Trim44,Unc13b"
"GO:0007275","GO:0007275","multicellular organism development",5349,45,6.33188228558089e-06,0.000574567253849646,"Abcd2,Acer3,Alas1,Anxa3,Arnt2,Atp1b2,Ccr6,Cd276,Col27a1,Coq7,Ctsc,Dnajc19,Epha5,Flt1,Gaa,Gab2,Gpr37l1,Hey1,Itga5,Kdm6a,Lrig3,Marcksl1,Mitf,Nrxn1,P2ry2,Pdlim5,Poc1a,Prickle1,Ptprm,Rbfox1,Rps6,Rps7,Sfn,Sod1,Sox11,Spata6,Stau2,Synj2,Thy1,Tlr9,Tubb2a,Unc13b,Zdhhc21,Zfat,Zswim6"
"GO:0032502","GO:0032502","developmental process",6639,52,6.68181668836859e-06,0.000587373448261902,"Abcd2,Acer3,Alas1,Anxa3,Arnt2,Atp1b2,Atp2c1,Ccr6,Cd276,Col27a1,Coq7,Ctsc,Dnajc19,Epha5,Flt1,Gaa,Gab2,Gpr37l1,Hey1,Hlf,Itga5,Kdm6a,Lrig3,Marcksl1,Mitf,Nrxn1,Osbpl8,P2ry2,Pde4d,Pdlim5,Pdzd8,Plekhb2,Poc1a,Prickle1,Ptprm,Rbfox1,Rpl29,Rps6,Rps7,Sfn,Sod1,Sox11,Spata6,Stau2,Synj2,Thy1,Tlr9,Tubb2a,Unc13b,Zdhhc21,Zfat,Zswim6"
"GO:0055082","GO:0055082","intracellular chemical homeostasis",881,15,9.0270848969228e-06,0.000769490600455874,"Atp1b2,Atp2c1,Ccr6,Epha5,Nrxn1,P2ry2,P2ry6,Pde4d,Pdzd8,Slc39a10,Slc4a4,Sod1,Thy1,Tm9sf4,Unc13b"
"GO:0048731","GO:0048731","system development",4558,40,9.72966457925617e-06,0.000804986660630812,"Abcd2,Acer3,Alas1,Anxa3,Arnt2,Atp1b2,Ccr6,Col27a1,Coq7,Ctsc,Dnajc19,Epha5,Flt1,Gaa,Gab2,Gpr37l1,Hey1,Itga5,Kdm6a,Marcksl1,Mitf,Nrxn1,P2ry2,Pdlim5,Poc1a,Prickle1,Ptprm,Rbfox1,Rps6,Rps7,Sod1,Sox11,Stau2,Synj2,Thy1,Tlr9,Tubb2a,Unc13b,Zfat,Zswim6"
"GO:0006807","GO:0006807","nitrogen compound metabolic process",9288,65,1.00451337469629e-05,0.000807341749434473,"Abca1,Abcc1,Acaca,Acer3,Alas1,Anxa3,Arnt2,Bach1,Ccr6,Chst7,Clec16a,Coq7,Ctsc,Dusp7,Eif3e,Eif3h,Epha5,F9,Flt1,Gxylt1,Heatr1,Hey1,Hlf,Ifnar2,Itga5,Kdm6a,Lamp2,Litaf,Manba,Mier3,Mitf,Nnt,Nrxn1,Osbpl8,Parp8,Pde4d,Prickle1,Ptprm,Rap2b,Rbfox1,Rgmb,Rpl29,Rpl5,Rps6,Rps7,Sel1l,Serpinb9b,Sfn,Sgk3,Slc39a10,Slc4a4,Slfn8,Slfn9,Sod1,Sox11,St18,Tceanc2,Thy1,Tlr9,Tmx3,Tom1l1,Trim44,Trpm6,Zdhhc21,Zfat"
"GO:0007399","GO:0007399","nervous system development",2481,27,1.05415236729513e-05,0.000823702947000337,"Abcd2,Acer3,Arnt2,Atp1b2,Coq7,Ctsc,Epha5,Flt1,Gpr37l1,Hey1,Kdm6a,Marcksl1,Nrxn1,P2ry2,Pdlim5,Prickle1,Ptprm,Rbfox1,Rps7,Sod1,Sox11,Stau2,Synj2,Thy1,Tubb2a,Unc13b,Zswim6"
"GO:0033036","GO:0033036","macromolecule localization",2956,30,1.20506754921217e-05,0.000916177031333465,"Abca1,Abcc1,Abcd2,Akap10,Atp2c1,Atp8b5,Copb1,Dnajc19,Epha5,Ipo11,Lamp2,Myom1,Nrxn1,Nupl2,Osbpl8,P2ry2,Pctp,Pdzd8,Prickle1,Rab3c,Sel1l,Sfn,Slco2b1,Thy1,Tm9sf4,Tom1l1,Tram1,Unc13b,Zdhhc21,Zmat3"
"GO:0048856","GO:0048856","anatomical structure development",6219,49,1.26056406272847e-05,0.000933149133803995,"Abcd2,Acer3,Alas1,Anxa3,Arnt2,Atp1b2,Atp2c1,Ccr6,Cd276,Col27a1,Coq7,Ctsc,Dnajc19,Epha5,Flt1,Gaa,Gab2,Gpr37l1,Hey1,Hlf,Itga5,Kdm6a,Lrig3,Marcksl1,Mitf,Nrxn1,P2ry2,Pde4d,Pdlim5,Pdzd8,Poc1a,Prickle1,Ptprm,Rbfox1,Rps6,Rps7,Sfn,Sod1,Sox11,Spata6,Stau2,Synj2,Thy1,Tlr9,Tubb2a,Unc13b,Zdhhc21,Zfat,Zswim6"
"GO:0050896","GO:0050896","response to stimulus",10000,68,1.4225450886464e-05,0.00102605623958008,"Abca1,Abcc1,Abcd2,Acaca,Acer3,Anxa3,Arnt2,Bach1,Ccr6,Cd276,Clec10a,Clec16a,Coq7,Ctsc,Dusp7,Epha5,F9,Flt1,Gab2,Gpr37l1,Gria1,Hey1,Ifnar2,Itga5,Kdm6a,Lamp2,Litaf,Mitf,Mtus1,Myom1,Nnt,Nrxn1,Osbpl8,P2ry2,P2ry6,Pde10a,Pde4d,Pdzd8,Prickle1,Ptprm,Rap2b,Rapgef5,Rassf3,Rgmb,Rpl5,Rps15a,Rps6,Rps7,Sel1l,Serpinb9b,Sfn,Sgk3,Slc39a10,Slfn8,Slfn9,Sod1,Sox11,St18,Thy1,Tlr9,Tm9sf4,Tom1l1,Tram1,Trim44,Trpm6,Unc13b,Zdhhc21,Zmat3"
"GO:0015031","GO:0015031","protein transport",1550,20,1.66347078335963e-05,0.00116983582839766,"Abca1,Atp2c1,Copb1,Dnajc19,Epha5,Ipo11,Lamp2,Myom1,Nrxn1,Nupl2,Prickle1,Rab3c,Sel1l,Sfn,Tm9sf4,Tom1l1,Tram1,Unc13b,Zdhhc21,Zmat3"
"GO:0009636","GO:0009636","response to toxic substance",122,6,1.81191540654217e-05,0.00122497072867006,"Abcc1,Arnt2,Gria1,Nnt,Sod1,Trpm6"
"GO:0019220","GO:0019220","regulation of phosphate metabolic process",1430,19,1.85451937064345e-05,0.00122497072867006,"Dnajc19,Dusp7,Epha5,Flt1,Itga5,Nnt,Nrxn1,Osbpl8,P2ry6,Pde4d,Rap2b,Rpl5,Sfn,Slc39a10,Slc4a4,Sod1,Thy1,Tlr9,Tom1l1"
"GO:0051174","GO:0051174","regulation of phosphorus metabolic process",1431,19,1.8725112453897e-05,0.00122497072867006,"Dnajc19,Dusp7,Epha5,Flt1,Itga5,Nnt,Nrxn1,Osbpl8,P2ry6,Pde4d,Rap2b,Rpl5,Sfn,Slc39a10,Slc4a4,Sod1,Thy1,Tlr9,Tom1l1"
"GO:0048513","GO:0048513","animal organ development",3720,34,2.52442412688096e-05,0.00161391024293549,"Alas1,Arnt2,Atp1b2,Ccr6,Cd276,Col27a1,Dnajc19,Epha5,Flt1,Gaa,Gab2,Gpr37l1,Hey1,Hlf,Kdm6a,Lrig3,Mitf,Nrxn1,Pdlim5,Poc1a,Prickle1,Ptprm,Rbfox1,Rps6,Sfn,Sod1,Sox11,Stau2,Synj2,Thy1,Tlr9,Zdhhc21,Zfat,Zswim6"
"GO:0019222","GO:0019222","regulation of metabolic process",6782,51,2.85846513219442e-05,0.00178685831485842,"Abcd2,Anxa3,Arnt2,Bach1,Cd276,Clec16a,Coq7,Ctsc,Dnajc19,Dusp7,Eif3e,Eif3h,Epha5,Flt1,Gria1,Heatr1,Hey1,Hlf,Ifnar2,Itga5,Kdm6a,Litaf,Mier3,Mitf,Myom1,Nnt,Nrxn1,Osbpl8,P2ry2,P2ry6,Pctp,Pde4d,Prickle1,Rap2b,Rbfox1,Rgmb,Rpl5,Rps7,Serpinb9b,Sfn,Slc39a10,Slc4a4,Sod1,Sox11,St18,Stau2,Thy1,Tlr9,Tom1l1,Trim44,Zfat"
"GO:0032879","GO:0032879","regulation of localization",2954,29,3.24858029336125e-05,0.00198657747070113,"Abca1,Abcc1,Anxa3,Atp1b2,Atp2c1,Ccr6,Epha5,Flt1,Gab2,Itga5,Mitf,Mtus1,Myom1,Nrxn1,Osbpl8,P2ry2,P2ry6,Pde4d,Ptprm,Rab3c,Rap2b,Sfn,Sod1,Sox11,Thy1,Tlr9,Tm9sf4,Unc13b,Zswim6"
"GO:0010604","GO:0010604","positive regulation of macromolecule metabolic process",3463,32,3.80399399195809e-05,0.00227673087220811,"Anxa3,Arnt2,Bach1,Cd276,Coq7,Ctsc,Eif3e,Flt1,Heatr1,Hey1,Hlf,Itga5,Kdm6a,Litaf,Mitf,Myom1,Nrxn1,Osbpl8,P2ry2,Pde4d,Prickle1,Rap2b,Rgmb,Rpl5,Rps7,Slc39a10,Sod1,Sox11,St18,Tlr9,Tom1l1,Trim44"
"GO:0030154","GO:0030154","cell differentiation",4523,38,4.79324540224061e-05,0.00278991931479227,"Alas1,Atp1b2,Ccr6,Cd276,Col27a1,Coq7,Epha5,Flt1,Gab2,Gpr37l1,Hey1,Hlf,Itga5,Kdm6a,Mitf,Nrxn1,Osbpl8,P2ry2,Pde4d,Pdlim5,Plekhb2,Poc1a,Prickle1,Ptprm,Rbfox1,Rps6,Rps7,Sfn,Sod1,Sox11,Spata6,Stau2,Thy1,Tlr9,Tubb2a,Zdhhc21,Zfat,Zswim6"
"GO:0045184","GO:0045184","establishment of protein localization",1672,20,4.85979546479991e-05,0.00278991931479227,"Abca1,Atp2c1,Copb1,Dnajc19,Epha5,Ipo11,Lamp2,Myom1,Nrxn1,Nupl2,Prickle1,Rab3c,Sel1l,Sfn,Tm9sf4,Tom1l1,Tram1,Unc13b,Zdhhc21,Zmat3"
"GO:0048869","GO:0048869","cellular developmental process",4546,38,5.36303764590739e-05,0.0030172449795875,"Alas1,Atp1b2,Ccr6,Cd276,Col27a1,Coq7,Epha5,Flt1,Gab2,Gpr37l1,Hey1,Hlf,Itga5,Kdm6a,Mitf,Nrxn1,Osbpl8,P2ry2,Pde4d,Pdlim5,Plekhb2,Poc1a,Prickle1,Ptprm,Rbfox1,Rps6,Rps7,Sfn,Sod1,Sox11,Spata6,Stau2,Thy1,Tlr9,Tubb2a,Zdhhc21,Zfat,Zswim6"
"GO:0015914","GO:0015914","phospholipid transport",91,5,5.47828327369368e-05,0.00302164918605888,"Abca1,Abcc1,Atp8b5,Osbpl8,Pctp"
"GO:0019538","GO:0019538","protein metabolic process",5267,42,5.60516314152546e-05,0.00303217767636752,"Abca1,Acaca,Alas1,Chst7,Clec16a,Ctsc,Dusp7,Eif3e,Eif3h,Epha5,F9,Flt1,Gxylt1,Itga5,Kdm6a,Lamp2,Manba,Nnt,Nrxn1,Osbpl8,Parp8,Pde4d,Prickle1,Ptprm,Rap2b,Rpl29,Rpl5,Rps7,Sel1l,Serpinb9b,Sfn,Sgk3,Slc39a10,Sod1,St18,Thy1,Tlr9,Tmx3,Tom1l1,Trim44,Trpm6,Zdhhc21"
"GO:0055080","GO:0055080","monoatomic cation homeostasis",800,13,5.95500839702834e-05,0.00316064879638504,"Atp1b2,Atp2c1,Car4,Ccr6,P2ry2,P2ry6,Pde4d,Pdzd8,Slc39a10,Slc4a4,Sod1,Thy1,Tm9sf4"
"GO:0006869","GO:0006869","lipid transport",390,9,6.43065391965253e-05,0.00334989434740418,"Abca1,Abcc1,Abcd2,Atp8b5,Osbpl8,P2ry2,Pctp,Pdzd8,Slco2b1"
"GO:0098771","GO:0098771","inorganic ion homeostasis",809,13,6.66655358781905e-05,0.00340963913500636,"Atp1b2,Atp2c1,Car4,Ccr6,P2ry2,P2ry6,Pde4d,Pdzd8,Slc39a10,Slc4a4,Sod1,Thy1,Tm9sf4"
"GO:0030003","GO:0030003","intracellular monoatomic cation homeostasis",700,12,7.00593480488144e-05,0.00351923117966634,"Atp1b2,Atp2c1,Ccr6,P2ry2,P2ry6,Pde4d,Pdzd8,Slc39a10,Slc4a4,Sod1,Thy1,Tm9sf4"
"GO:0031323","GO:0031323","regulation of cellular metabolic process",5881,45,7.42004012584641e-05,0.00366185489017648,"Abcd2,Anxa3,Arnt2,Bach1,Clec16a,Coq7,Ctsc,Dnajc19,Dusp7,Eif3e,Eif3h,Epha5,Flt1,Gria1,Heatr1,Hey1,Hlf,Ifnar2,Itga5,Litaf,Mier3,Mitf,Nnt,Nrxn1,Osbpl8,P2ry6,Pde4d,Prickle1,Rap2b,Rbfox1,Rgmb,Rpl5,Rps7,Serpinb9b,Sfn,Slc39a10,Slc4a4,Sod1,Sox11,St18,Thy1,Tlr9,Tom1l1,Trim44,Zfat"
"GO:0050801","GO:0050801","monoatomic ion homeostasis",822,13,7.82452244883815e-05,0.00372023181678468,"Atp1b2,Atp2c1,Car4,Ccr6,P2ry2,P2ry6,Pde4d,Pdzd8,Slc39a10,Slc4a4,Sod1,Thy1,Tm9sf4"
"GO:0051338","GO:0051338","regulation of transferase activity",823,13,7.92042276705485e-05,0.00372023181678468,"Dusp7,Epha5,Flt1,Nrxn1,Osbpl8,Rap2b,Rpl5,Rps7,Sfn,Sod1,Thy1,Tlr9,Tom1l1"
"GO:0060255","GO:0060255","regulation of macromolecule metabolic process",6272,47,7.95888884970459e-05,0.00372023181678468,"Abcd2,Anxa3,Arnt2,Bach1,Cd276,Clec16a,Coq7,Ctsc,Dusp7,Eif3e,Eif3h,Epha5,Flt1,Gria1,Heatr1,Hey1,Hlf,Ifnar2,Itga5,Kdm6a,Litaf,Mier3,Mitf,Myom1,Nnt,Nrxn1,Osbpl8,P2ry2,Pde4d,Prickle1,Rap2b,Rbfox1,Rgmb,Rpl5,Rps7,Serpinb9b,Sfn,Slc39a10,Sod1,Sox11,St18,Stau2,Thy1,Tlr9,Tom1l1,Trim44,Zfat"
"GO:0051239","GO:0051239","regulation of multicellular organismal process",2945,28,8.06733525858036e-05,0.00372023181678468,"Abca1,Abcd2,Anxa3,Ccr6,Cd276,Ctsc,Flt1,Gaa,Gab2,Gpr37l1,Hey1,Itga5,Litaf,Mitf,Nrxn1,P2ry2,Pctp,Pde4d,Prickle1,Ptprm,Sfn,Sod1,Sox11,Stau2,Thy1,Tlr9,Unc13b,Zdhhc21"
"GO:2000059","GO:2000059","negative regulation of ubiquitin-dependent protein catabolic process",52,4,8.52696745271793e-05,0.00386876765233799,"Clec16a,Eif3h,Rpl5,Rps7"
"GO:0006873","GO:0006873","intracellular monoatomic ion homeostasis",716,12,8.67362556491249e-05,0.00387284265303156,"Atp1b2,Atp2c1,Ccr6,P2ry2,P2ry6,Pde4d,Pdzd8,Slc39a10,Slc4a4,Sod1,Thy1,Tm9sf4"
"GO:0080090","GO:0080090","regulation of primary metabolic process",5742,44,9.02395000582269e-05,0.00396630802599676,"Abcd2,Anxa3,Arnt2,Bach1,Clec16a,Coq7,Ctsc,Dnajc19,Dusp7,Eif3e,Eif3h,Epha5,Flt1,Heatr1,Hey1,Hlf,Ifnar2,Itga5,Litaf,Mier3,Mitf,Nnt,Nrxn1,Osbpl8,P2ry6,Pde4d,Prickle1,Rap2b,Rbfox1,Rgmb,Rpl5,Rps7,Serpinb9b,Sfn,Slc39a10,Slc4a4,Sod1,Sox11,St18,Thy1,Tlr9,Tom1l1,Trim44,Zfat"
"GO:0046907","GO:0046907","intracellular transport",1496,18,0.000112095382041777,0.00485114322590027,"Abca1,Abcd2,Ankrd50,Clec16a,Copb1,Dnajc19,Ipo11,Lamp2,Nupl2,Prickle1,Sel1l,Sfn,Sod1,Stau2,Tm9sf4,Tom1l1,Tram1,Zdhhc21"
"GO:0140352","GO:0140352","export from cell",980,14,0.000120598976718846,0.00514007456833505,"Abca1,Abcc1,Anxa3,Atp1b2,Epha5,Gab2,Myom1,Nrxn1,P2ry2,Rab3c,Sel1l,Slc4a4,Sox11,Unc13b"
"GO:0032501","GO:0032501","multicellular organismal process",8553,58,0.000129401466154418,0.005367511885507,"Abca1,Abcc1,Abcd2,Acaca,Acer3,Alas1,Anxa3,Arnt2,Atp1b2,Cbr3,Ccr6,Cd276,Clec10a,Col27a1,Coq7,Ctsc,Dnajc19,Epha5,F9,Flt1,Gaa,Gab2,Gpr37l1,Gria1,Hey1,Itga5,Kdm6a,Litaf,Lrig3,Marcksl1,Mitf,Myom1,Nrxn1,P2ry2,Pctp,Pde4d,Pdlim5,Poc1a,Prickle1,Ptprm,Rap2b,Rbfox1,Rpl29,Rps6,Rps7,Sfn,Sod1,Sox11,Spata6,Stau2,Synj2,Thy1,Tlr9,Tubb2a,Unc13b,Zdhhc21,Zfat,Zswim6"
"GO:0071840","GO:0071840","cellular component organization or biogenesis",6394,47,0.000129751442664229,0.005367511885507,"Abca1,Abcc1,Abcd2,Acaca,Atp1b2,Atp2c1,Atp8b5,Clec16a,Clip4,Col27a1,Coq7,Dnajc19,Epha5,Gaa,Heatr1,Hey1,Itga5,Kdm6a,Lamp2,Marcksl1,Mitf,Mtfr1l,Nrxn1,P2ry2,Pde4d,Pdlim5,Pdzd8,Poc1a,Ptprm,Rpl5,Rps6,Rps7,Sfn,Sod1,Spata6,Stau2,Syce2,Synj2,Thy1,Tm9sf4,Tom1l1,Tram1,Trpm6,Tubb2a,Unc13b,Zmat3,Zswim6"
"GO:0007165","GO:0007165","signal transduction",6409,47,0.000137604365856482,0.00560987074136644,"Abca1,Arnt2,Ccr6,Cd276,Clec16a,Ctsc,Dusp7,Epha5,Flt1,Gab2,Gpr37l1,Hey1,Ifnar2,Itga5,Kdm6a,Litaf,Mitf,Myom1,Nrxn1,Osbpl8,P2ry2,P2ry6,Pde10a,Pde4d,Pdzd8,Prickle1,Ptprm,Rap2b,Rapgef5,Rassf3,Rgmb,Rpl5,Rps6,Rps7,Sel1l,Sfn,Sgk3,Slc39a10,Sod1,Sox11,St18,Thy1,Tlr9,Tom1l1,Trim44,Unc13b,Zdhhc21"
"GO:0046716","GO:0046716","muscle cell cellular homeostasis",23,3,0.000142095114740958,0.00571019368237593,"Gaa,Lamp2,Sod1"
"GO:0051241","GO:0051241","negative regulation of multicellular organismal process",1127,15,0.000148569022947797,0.0058862628387627,"Abcd2,Cd276,Ctsc,Flt1,Gpr37l1,Hey1,P2ry2,Pctp,Pde4d,Prickle1,Ptprm,Sod1,Sox11,Thy1,Tlr9"
"GO:0140115","GO:0140115","export across plasma membrane",61,4,0.000159374011503358,0.0062266540883187,"Abca1,Abcc1,Atp1b2,Slc4a4"
"GO:0010876","GO:0010876","lipid localization",449,9,0.00018588873633635,0.00715130054688346,"Abca1,Abcc1,Abcd2,Atp8b5,Osbpl8,P2ry2,Pctp,Pdzd8,Slco2b1"
"GO:0051716","GO:0051716","cellular response to stimulus",8257,56,0.000188125218794659,0.00715130054688346,"Abca1,Abcc1,Acaca,Arnt2,Bach1,Ccr6,Cd276,Clec16a,Coq7,Ctsc,Dusp7,Epha5,Flt1,Gab2,Gpr37l1,Gria1,Hey1,Ifnar2,Itga5,Kdm6a,Lamp2,Litaf,Mitf,Mtus1,Myom1,Nnt,Nrxn1,Osbpl8,P2ry2,P2ry6,Pde10a,Pde4d,Pdzd8,Prickle1,Ptprm,Rap2b,Rapgef5,Rassf3,Rgmb,Rpl5,Rps6,Rps7,Sel1l,Sfn,Sgk3,Slc39a10,Sod1,Sox11,St18,Thy1,Tlr9,Tom1l1,Trim44,Unc13b,Zdhhc21,Zmat3"
"GO:0007154","GO:0007154","cell communication",7082,50,0.000197310868943964,0.00730037647662527,"Abca1,Arnt2,Ccr6,Cd276,Clec16a,Ctsc,Dusp7,Epha5,Flt1,Gab2,Gpr37l1,Gria1,Hey1,Ifnar2,Itga5,Kdm6a,Lamp2,Litaf,Mitf,Myom1,Nrxn1,Osbpl8,P2ry2,P2ry6,Pde10a,Pde4d,Pdzd8,Prickle1,Ptprm,Rap2b,Rapgef5,Rassf3,Rgmb,Rpl5,Rps6,Rps7,Sel1l,Sfn,Sgk3,Slc39a10,Sod1,Sox11,St18,Stau2,Thy1,Tlr9,Tom1l1,Trim44,Unc13b,Zdhhc21"
"GO:0098655","GO:0098655","monoatomic cation transmembrane transport",783,12,0.000199114924381417,0.00730037647662527,"Atp1b2,Atp2c1,Atp6v1h,Nnt,Nrxn1,P2ry6,Pde4d,Slc39a10,Slc4a4,Thy1,Tlr9,Trpm6"
"GO:0071705","GO:0071705","nitrogen compound transport",2004,21,0.000199832559082881,0.00730037647662527,"Abca1,Abcc1,Atp2c1,Copb1,Dnajc19,Epha5,Ipo11,Lamp2,Myom1,Nrxn1,Nupl2,Prickle1,Rab3c,Sel1l,Sfn,Tm9sf4,Tom1l1,Tram1,Unc13b,Zdhhc21,Zmat3"
"GO:0016477","GO:0016477","cell migration",1575,18,0.000211884571205322,0.00755670493159959,"Abcc1,Anxa3,Atp1b2,Ccr6,Flt1,Gab2,Itga5,Mitf,Mtus1,Osbpl8,P2ry2,P2ry6,Pde4d,Ptprm,Rap2b,Thy1,Tubb2a,Zswim6"
"GO:1901564","GO:1901564","organonitrogen compound metabolic process",6141,45,0.000212221716884596,0.00755670493159959,"Abca1,Abcc1,Acaca,Acer3,Alas1,Chst7,Clec16a,Ctsc,Dusp7,Eif3e,Eif3h,Epha5,F9,Flt1,Gxylt1,Itga5,Kdm6a,Lamp2,Manba,Nnt,Nrxn1,Osbpl8,Parp8,Pde4d,Prickle1,Ptprm,Rap2b,Rpl29,Rpl5,Rps7,Sel1l,Serpinb9b,Sfn,Sgk3,Slc39a10,Slc4a4,Sod1,St18,Thy1,Tlr9,Tmx3,Tom1l1,Trim44,Trpm6,Zdhhc21"
"GO:1903051","GO:1903051","negative regulation of proteolysis involved in protein catabolic process",66,4,0.000216369967826716,0.00758987692503744,"Clec16a,Eif3h,Rpl5,Rps7"
"GO:0031399","GO:0031399","regulation of protein modification process",1579,18,0.000218549602178469,0.00758987692503744,"Dusp7,Flt1,Itga5,Nnt,Nrxn1,Osbpl8,Pde4d,Prickle1,Rap2b,Rpl5,Rps7,Sfn,Slc39a10,Sod1,Thy1,Tlr9,Tom1l1,Trim44"
"GO:0015748","GO:0015748","organophosphate ester transport",124,5,0.000236015724237442,0.00809649063756006,"Abca1,Abcc1,Atp8b5,Osbpl8,Pctp"
"GO:0010562","GO:0010562","positive regulation of phosphorus metabolic process",926,13,0.000252230699366064,0.00844672568234211,"Epha5,Flt1,Itga5,Nrxn1,Osbpl8,P2ry6,Pde4d,Rap2b,Rpl5,Slc39a10,Slc4a4,Tlr9,Tom1l1"
"GO:0045937","GO:0045937","positive regulation of phosphate metabolic process",926,13,0.000252230699366064,0.00844672568234211,"Epha5,Flt1,Itga5,Nrxn1,Osbpl8,P2ry6,Pde4d,Rap2b,Rpl5,Slc39a10,Slc4a4,Tlr9,Tom1l1"
"GO:0098662","GO:0098662","inorganic cation transmembrane transport",690,11,0.000264947523610872,0.0087263970256067,"Atp1b2,Atp2c1,Atp6v1h,Nnt,P2ry6,Pde4d,Slc39a10,Slc4a4,Thy1,Tlr9,Trpm6"
"GO:0030335","GO:0030335","positive regulation of cell migration",578,10,0.000266786400356266,0.0087263970256067,"Abcc1,Anxa3,Ccr6,Flt1,Gab2,Itga5,P2ry2,P2ry6,Pde4d,Thy1"
"GO:0042127","GO:0042127","regulation of cell population proliferation",1758,19,0.000283064583801956,0.0091524215429299,"Acer3,Arnt2,Cd276,Flt1,Gpr37l1,Hey1,Marcksl1,Mitf,Nudt6,P2ry6,Pde4d,Ptprm,Rps15a,Rps6,Sfn,Slc39a10,Sox11,St18,Tlr9"
"GO:0003431","GO:0003431","growth plate cartilage chondrocyte development",6,2,0.000290297603558143,0.00927962680464836,"Col27a1,Poc1a"
"GO:0009888","GO:0009888","tissue development",2063,21,0.000296032653251099,0.009281988563683,"Atp2c1,Cd276,Col27a1,Coq7,Flt1,Gaa,Hey1,Hlf,Itga5,Kdm6a,Pde4d,Pdlim5,Poc1a,Prickle1,Rbfox1,Rps7,Sfn,Sod1,Sox11,Zdhhc21,Zfat"
"GO:0051050","GO:0051050","positive regulation of transport",1070,14,0.000296970839221994,0.009281988563683,"Abca1,Atp1b2,Atp2c1,Gab2,Myom1,Osbpl8,P2ry2,P2ry6,Sfn,Sod1,Sox11,Thy1,Tm9sf4,Unc13b"
"GO:0043549","GO:0043549","regulation of kinase activity",704,11,0.000314151702718072,0.00970540601797364,"Dusp7,Epha5,Flt1,Nrxn1,Osbpl8,Rap2b,Sfn,Sod1,Thy1,Tlr9,Tom1l1"
"GO:0034220","GO:0034220","monoatomic ion transmembrane transport",949,13,0.000319040499754147,0.00970540601797364,"Abcc1,Atp1b2,Atp2c1,Atp6v1h,Nnt,Nrxn1,P2ry6,Pde4d,Slc39a10,Slc4a4,Thy1,Tlr9,Trpm6"
"GO:0023052","GO:0023052","signaling",7022,49,0.000320868382393014,0.00970540601797364,"Abca1,Arnt2,Ccr6,Cd276,Clec16a,Ctsc,Dusp7,Epha5,Flt1,Gab2,Gpr37l1,Gria1,Hey1,Ifnar2,Itga5,Kdm6a,Litaf,Mitf,Myom1,Nrxn1,Osbpl8,P2ry2,P2ry6,Pde10a,Pde4d,Pdzd8,Prickle1,Ptprm,Rap2b,Rapgef5,Rassf3,Rgmb,Rpl5,Rps6,Rps7,Sel1l,Sfn,Sgk3,Slc39a10,Sod1,Sox11,St18,Stau2,Thy1,Tlr9,Tom1l1,Trim44,Unc13b,Zdhhc21"
"GO:0006886","GO:0006886","intracellular protein transport",829,12,0.000334210285387106,0.00997659322323328,"Copb1,Dnajc19,Ipo11,Lamp2,Nupl2,Prickle1,Sel1l,Sfn,Tm9sf4,Tom1l1,Tram1,Zdhhc21"
"GO:0001841","GO:0001841","neural tube formation",134,5,0.000337833162613392,0.00997659322323328,"Coq7,Kdm6a,Prickle1,Rps7,Sox11"
"GO:0051173","GO:0051173","positive regulation of nitrogen compound metabolic process",3041,27,0.000340473853334659,0.00997659322323328,"Anxa3,Arnt2,Bach1,Coq7,Ctsc,Eif3e,Flt1,Heatr1,Hey1,Hlf,Itga5,Litaf,Mitf,Nrxn1,Osbpl8,Pde4d,Prickle1,Rap2b,Rgmb,Rpl5,Slc39a10,Slc4a4,Sox11,St18,Tlr9,Tom1l1,Trim44"
"GO:0045859","GO:0045859","regulation of protein kinase activity",598,10,0.000348934374634527,0.0101190968644013,"Dusp7,Flt1,Nrxn1,Osbpl8,Rap2b,Sfn,Sod1,Thy1,Tlr9,Tom1l1"
"GO:0065009","GO:0065009","regulation of molecular function",2562,24,0.000357675242132726,0.0102667393481567,"Anxa3,Atp1b2,Dusp7,Eif3e,Epha5,Flt1,Hey1,Nrxn1,Osbpl8,P2ry6,Pde4d,Rap2b,Rapgef5,Rpl5,Rps7,Serpinb9b,Sfn,Slc39a10,Sod1,Sox11,St18,Thy1,Tlr9,Tom1l1"
"GO:0140056","GO:0140056","organelle localization by membrane tethering",76,4,0.000372209933077186,0.0105170208456164,"Nrxn1,Pdzd8,Rab3c,Unc13b"
"GO:0006950","GO:0006950","response to stress",3910,32,0.000373872052812527,0.0105170208456164,"Abca1,Abcc1,Abcd2,Acer3,Anxa3,Arnt2,Bach1,Ccr6,Cd276,Clec10a,Clec16a,Coq7,Ctsc,F9,Flt1,Gpr37l1,Ifnar2,Lamp2,Rap2b,Sel1l,Serpinb9b,Sfn,Slfn8,Slfn9,Sod1,Thy1,Tlr9,Tm9sf4,Tram1,Trim44,Unc13b,Zmat3"
"GO:2000147","GO:2000147","positive regulation of cell motility",605,10,0.000382266429466453,0.0106466877830607,"Abcc1,Anxa3,Ccr6,Flt1,Gab2,Itga5,P2ry2,P2ry6,Pde4d,Thy1"
"GO:0051171","GO:0051171","regulation of nitrogen compound metabolic process",5557,41,0.000406159481479707,0.0112012413862982,"Anxa3,Arnt2,Bach1,Clec16a,Coq7,Ctsc,Dusp7,Eif3e,Eif3h,Epha5,Flt1,Heatr1,Hey1,Hlf,Ifnar2,Itga5,Litaf,Mier3,Mitf,Nnt,Nrxn1,Osbpl8,Pde4d,Prickle1,Rap2b,Rbfox1,Rgmb,Rpl5,Rps7,Serpinb9b,Sfn,Slc39a10,Slc4a4,Sod1,Sox11,St18,Thy1,Tlr9,Tom1l1,Trim44,Zfat"
"GO:0008283","GO:0008283","cell population proliferation",2115,21,0.00041249973491759,0.0112656481002251,"Acer3,Arnt2,Cd276,Flt1,Gpr37l1,Hey1,Ifnar2,Marcksl1,Mitf,Nudt6,P2ry6,Pde4d,Ptprm,Rpl29,Rps15a,Rps6,Sfn,Slc39a10,Sox11,St18,Tlr9"
"GO:1903050","GO:1903050","regulation of proteolysis involved in protein catabolic process",217,6,0.000430416293310099,0.011544879033838,"Clec16a,Ctsc,Eif3h,Prickle1,Rpl5,Rps7"
"GO:0051246","GO:0051246","regulation of protein metabolic process",2595,24,0.000430932207093137,0.011544879033838,"Clec16a,Ctsc,Dusp7,Eif3e,Eif3h,Flt1,Itga5,Nnt,Nrxn1,Osbpl8,Pde4d,Prickle1,Rap2b,Rpl5,Rps7,Serpinb9b,Sfn,Slc39a10,Sod1,St18,Thy1,Tlr9,Tom1l1,Trim44"
"GO:0006811","GO:0006811","monoatomic ion transport",1538,17,0.000471762770342212,0.0123588441649847,"Abcc1,Atp1b2,Atp2c1,Atp6v1h,Car4,Gria1,Nnt,Nrxn1,P2ry2,P2ry6,Pde4d,Slc39a10,Slc4a4,Slco2b1,Thy1,Tlr9,Trpm6"
"GO:0040017","GO:0040017","positive regulation of locomotion",622,10,0.000474423546257379,0.0123588441649847,"Abcc1,Anxa3,Ccr6,Flt1,Gab2,Itga5,P2ry2,P2ry6,Pde4d,Thy1"
"GO:0022406","GO:0022406","membrane docking",81,4,0.000474495261222307,0.0123588441649847,"Nrxn1,Pdzd8,Rab3c,Unc13b"
"GO:0098660","GO:0098660","inorganic ion transmembrane transport",747,11,0.000516072695343553,0.0133184632293708,"Atp1b2,Atp2c1,Atp6v1h,Nnt,P2ry6,Pde4d,Slc39a10,Slc4a4,Thy1,Tlr9,Trpm6"
"GO:0016043","GO:0016043","cellular component organization",6200,44,0.000537677662786377,0.0137498842310734,"Abca1,Abcc1,Abcd2,Acaca,Atp1b2,Atp2c1,Atp8b5,Clec16a,Clip4,Col27a1,Coq7,Dnajc19,Epha5,Gaa,Hey1,Itga5,Kdm6a,Lamp2,Marcksl1,Mitf,Mtfr1l,Nrxn1,P2ry2,Pde4d,Pdlim5,Pdzd8,Poc1a,Ptprm,Rpl5,Sfn,Sod1,Spata6,Stau2,Syce2,Synj2,Thy1,Tm9sf4,Tom1l1,Tram1,Trpm6,Tubb2a,Unc13b,Zmat3,Zswim6"
"GO:0090596","GO:0090596","sensory organ morphogenesis",319,7,0.000575447771260824,0.0144700397165917,"Flt1,Lrig3,Ptprm,Sod1,Sox11,Stau2,Thy1"
"GO:0009892","GO:0009892","negative regulation of metabolic process",3146,27,0.000580580556262282,0.0144700397165917,"Abcd2,Bach1,Cd276,Clec16a,Coq7,Dusp7,Eif3e,Eif3h,Flt1,Hey1,Mier3,Mitf,Nnt,Nrxn1,Pctp,Pde4d,Prickle1,Rpl5,Rps7,Serpinb9b,Sfn,Sod1,Sox11,St18,Thy1,Tlr9,Trim44"
"GO:0042325","GO:0042325","regulation of phosphorylation",1282,15,0.000581270703154947,0.0144700397165917,"Dusp7,Epha5,Flt1,Itga5,Nnt,Nrxn1,Osbpl8,Pde4d,Rap2b,Sfn,Slc4a4,Sod1,Thy1,Tlr9,Tom1l1"
"GO:0008284","GO:0008284","positive regulation of cell population proliferation",1015,13,0.000600572652812347,0.0148193936172029,"Acer3,Arnt2,Cd276,Flt1,Gpr37l1,Marcksl1,P2ry6,Pde4d,Rps15a,Rps6,Slc39a10,Sox11,Tlr9"
"GO:0006796","GO:0006796","phosphate-containing compound metabolic process",2664,24,0.000628127964960266,0.0153645562211585,"Acaca,Dnajc19,Dusp7,Epha5,Flt1,Itga5,Nnt,Nrxn1,Osbpl8,P2ry6,Pde4d,Ptprm,Rap2b,Rpl5,Sfn,Sgk3,Slc39a10,Slc4a4,Sod1,Synj2,Thy1,Tlr9,Tom1l1,Trpm6"
"GO:0010737","GO:0010737","protein kinase A signaling",38,3,0.000644726285559049,0.0156346124248069,"Myom1,Nrxn1,Pde10a"
"GO:0008104","GO:0008104","protein localization",2515,23,0.000675088419655635,0.0160241626795502,"Abca1,Akap10,Atp2c1,Copb1,Dnajc19,Epha5,Ipo11,Lamp2,Myom1,Nrxn1,Nupl2,Osbpl8,Prickle1,Rab3c,Sel1l,Sfn,Thy1,Tm9sf4,Tom1l1,Tram1,Unc13b,Zdhhc21,Zmat3"
"GO:0001838","GO:0001838","embryonic epithelial tube formation",156,5,0.000675753609524495,0.0160241626795502,"Coq7,Kdm6a,Prickle1,Rps7,Sox11"
"GO:0060249","GO:0060249","anatomical structure homeostasis",328,7,0.000677879615665295,0.0160241626795502,"Acaca,Atp1b2,Gaa,Lamp2,P2ry2,Sod1,Tlr9"
"GO:0003433","GO:0003433","chondrocyte development involved in endochondral bone morphogenesis",9,2,0.000690648586655846,0.016151468673231,"Col27a1,Poc1a"
"GO:0006793","GO:0006793","phosphorus metabolic process",2683,24,0.000694748563619251,0.016151468673231,"Acaca,Dnajc19,Dusp7,Epha5,Flt1,Itga5,Nnt,Nrxn1,Osbpl8,P2ry6,Pde4d,Ptprm,Rap2b,Rpl5,Sfn,Sgk3,Slc39a10,Slc4a4,Sod1,Synj2,Thy1,Tlr9,Tom1l1,Trpm6"
"GO:0048598","GO:0048598","embryonic morphogenesis",663,10,0.000774827835917716,0.0178654975609552,"Coq7,Flt1,Itga5,Kdm6a,Lrig3,Prickle1,Rps6,Rps7,Sod1,Sox11"
"GO:0048870","GO:0048870","cell motility",1773,18,0.000861298340008854,0.0192636511335508,"Abcc1,Anxa3,Atp1b2,Ccr6,Flt1,Gab2,Itga5,Mitf,Mtus1,Osbpl8,P2ry2,P2ry6,Pde4d,Ptprm,Rap2b,Thy1,Tubb2a,Zswim6"
"GO:0051674","GO:0051674","localization of cell",1773,18,0.000861298340008854,0.0192636511335508,"Abcc1,Anxa3,Atp1b2,Ccr6,Flt1,Gab2,Itga5,Mitf,Mtus1,Osbpl8,P2ry2,P2ry6,Pde4d,Ptprm,Rap2b,Thy1,Tubb2a,Zswim6"
"GO:0016072","GO:0016072","rRNA metabolic process",248,6,0.000865527231125722,0.0192636511335508,"Heatr1,Rpl5,Rps6,Rps7,Slfn8,Slfn9"
"GO:0006904","GO:0006904","vesicle docking involved in exocytosis",42,3,0.000866081487371606,0.0192636511335508,"Nrxn1,Rab3c,Unc13b"
"GO:2000058","GO:2000058","regulation of ubiquitin-dependent protein catabolic process",165,5,0.000869706254518645,0.0192636511335508,"Clec16a,Eif3h,Prickle1,Rpl5,Rps7"
"GO:0051049","GO:0051049","regulation of transport",1929,19,0.00087953056116195,0.0193290583480357,"Abca1,Atp1b2,Atp2c1,Epha5,Gab2,Myom1,Nrxn1,Osbpl8,P2ry2,P2ry6,Pde4d,Rab3c,Sfn,Sod1,Sox11,Thy1,Tlr9,Tm9sf4,Unc13b"
"GO:1902531","GO:1902531","regulation of intracellular signal transduction",1632,17,0.00091441553375625,0.0198621535957207,"Abca1,Clec16a,Dusp7,Flt1,Gpr37l1,Litaf,Nrxn1,Osbpl8,P2ry6,Pde10a,Pde4d,Rpl5,Rps7,Sod1,Sox11,Tlr9,Trim44"
"GO:0072175","GO:0072175","epithelial tube formation",167,5,0.000917909693367826,0.0198621535957207,"Coq7,Kdm6a,Prickle1,Rps7,Sox11"
"GO:0036211","GO:0036211","protein modification process",3424,28,0.000963921333029714,0.0206985550367373,"Abca1,Dusp7,Epha5,Flt1,Gxylt1,Itga5,Kdm6a,Nnt,Nrxn1,Osbpl8,Parp8,Pde4d,Prickle1,Ptprm,Rap2b,Rpl5,Rps7,Sfn,Sgk3,Slc39a10,Sod1,Thy1,Tlr9,Tmx3,Tom1l1,Trim44,Trpm6,Zdhhc21"
"GO:0010605","GO:0010605","negative regulation of macromolecule metabolic process",2920,25,0.000997058633606097,0.0212479237601057,"Abcd2,Bach1,Cd276,Clec16a,Coq7,Dusp7,Eif3e,Eif3h,Flt1,Hey1,Mier3,Mitf,Nnt,Nrxn1,Pde4d,Prickle1,Rpl5,Rps7,Serpinb9b,Sfn,Sox11,St18,Thy1,Tlr9,Trim44"
"GO:0044093","GO:0044093","positive regulation of molecular function",1498,16,0.00100469202575528,0.0212496140484933,"Anxa3,Atp1b2,Eif3e,Epha5,Flt1,Nrxn1,Osbpl8,P2ry6,Rapgef5,Rpl5,Slc39a10,Sod1,St18,Thy1,Tlr9,Tom1l1"
"GO:0003418","GO:0003418","growth plate cartilage chondrocyte differentiation",11,2,0.00104902966841278,0.0216979445385673,"Col27a1,Poc1a"
"GO:0016078","GO:0016078","tRNA catabolic process",11,2,0.00104902966841278,0.0216979445385673,"Slfn8,Slfn9"
"GO:1904667","GO:1904667","negative regulation of ubiquitin protein ligase activity",11,2,0.00104902966841278,0.0216979445385673,"Rpl5,Rps7"
"GO:0016192","GO:0016192","vesicle-mediated transport",1664,17,0.001130225035224,0.0231145510301852,"Abca1,Ankrd50,Anxa3,Atp2c1,Atp6v1h,Clec16a,Copb1,Gab2,Gria1,Nrxn1,P2ry2,P2ry6,Rab3c,Sod1,Synj2,Tm9sf4,Unc13b"
"GO:0040011","GO:0040011","locomotion",1971,19,0.00113395237901371,0.0231145510301852,"Abcc1,Anxa3,Atp1b2,Ccr6,Epha5,Flt1,Gab2,Itga5,Mitf,Mtus1,Osbpl8,P2ry2,P2ry6,Pde4d,Ptprm,Rap2b,Thy1,Tubb2a,Zswim6"
"GO:0035239","GO:0035239","tube morphogenesis",955,12,0.001152432241109,0.0233222438434504,"Anxa3,Coq7,Flt1,Hey1,Itga5,Kdm6a,Nrxn1,Prickle1,Ptprm,Rps7,Sox11,Thy1"
"GO:0010628","GO:0010628","positive regulation of gene expression",1231,14,0.00116972547053542,0.0235031267758295,"Cd276,Eif3e,Hey1,Kdm6a,Mitf,Myom1,Nrxn1,P2ry2,Pde4d,Rpl5,Rps7,Sod1,Sox11,Tlr9"
"GO:0048468","GO:0048468","cell development",2459,22,0.00119384069250593,0.0238175451632566,"Alas1,Atp1b2,Ccr6,Col27a1,Epha5,Flt1,Gpr37l1,Hey1,Nrxn1,P2ry2,Pde4d,Pdlim5,Poc1a,Ptprm,Rps6,Sfn,Sod1,Sox11,Stau2,Thy1,Zdhhc21,Zswim6"
"GO:0007166","GO:0007166","cell surface receptor signaling pathway",2802,24,0.00127078756802914,0.0251741227384928,"Cd276,Epha5,Flt1,Gab2,Gpr37l1,Hey1,Ifnar2,Itga5,Kdm6a,Mitf,Nrxn1,Osbpl8,Pde4d,Prickle1,Rgmb,Sel1l,Sgk3,Slc39a10,Sox11,St18,Thy1,Tom1l1,Trim44,Unc13b"
"GO:2000026","GO:2000026","regulation of multicellular organismal development",1540,16,0.00133905604789107,0.0262819605554553,"Anxa3,Cd276,Ctsc,Flt1,Gpr37l1,Hey1,Itga5,Mitf,Nrxn1,Ptprm,Sfn,Sox11,Stau2,Thy1,Tlr9,Zdhhc21"
"GO:0035148","GO:0035148","tube formation",182,5,0.0013453971987151,0.0262819605554553,"Coq7,Kdm6a,Prickle1,Rps7,Sox11"
"GO:0010646","GO:0010646","regulation of cell communication",3505,28,0.00137909699038628,0.0267544816134939,"Abca1,Clec16a,Ctsc,Dusp7,Epha5,Flt1,Gpr37l1,Gria1,Hey1,Litaf,Nrxn1,Osbpl8,P2ry2,P2ry6,Pde10a,Pde4d,Prickle1,Rpl5,Rps7,Sgk3,Slc39a10,Sod1,Sox11,Stau2,Thy1,Tlr9,Trim44,Unc13b"
"GO:0009605","GO:0009605","response to external stimulus",2992,25,0.00140665273938792,0.0271021517527276,"Abca1,Abcc1,Abcd2,Anxa3,Ccr6,Cd276,Clec16a,Ctsc,Epha5,Flt1,Ifnar2,Lamp2,Litaf,Mtus1,Nrxn1,Pde4d,Ptprm,Rps15a,Serpinb9b,Slfn8,Slfn9,Sod1,Tlr9,Trim44,Unc13b"
"GO:0106027","GO:0106027","neuron projection organization",109,4,0.00144208752639111,0.0273006629770846,"Abcd2,Epha5,Pdlim5,Stau2"
"GO:0016331","GO:0016331","morphogenesis of embryonic epithelium",185,5,0.00144600008528585,0.0273006629770846,"Coq7,Kdm6a,Prickle1,Rps7,Sox11"
"GO:0023051","GO:0023051","regulation of signaling",3516,28,0.00144607137703008,0.0273006629770846,"Abca1,Clec16a,Ctsc,Dusp7,Epha5,Flt1,Gpr37l1,Gria1,Hey1,Litaf,Nrxn1,Osbpl8,P2ry2,P2ry6,Pde10a,Pde4d,Prickle1,Rpl5,Rps7,Sgk3,Slc39a10,Sod1,Sox11,Stau2,Thy1,Tlr9,Trim44,Unc13b"
"GO:0071380","GO:0071380","cellular response to prostaglandin E stimulus",13,2,0.00147908071288725,0.0275848089578093,"Acaca,P2ry6"
"GO:0048592","GO:0048592","eye morphogenesis",186,5,0.0014807345014679,0.0275848089578093,"Flt1,Ptprm,Sox11,Stau2,Thy1"
"GO:0045332","GO:0045332","phospholipid translocation",51,3,0.0015260504193253,0.0282419725629083,"Abca1,Abcc1,Atp8b5"
"GO:0008219","GO:0008219","cell death",2186,20,0.00156597211120676,0.0287913696001609,"Abcc1,Acer3,Arnt2,Ctsc,Gpr37l1,Itga5,Mitf,Nnt,Prune2,Rassf3,Rps6,Rps7,Serpinb9b,Sfn,Sgk3,Slc39a10,Sod1,Sox11,Unc13b,Zmat3"
"GO:1901575","GO:1901575","organic substance catabolic process",2034,19,0.0016330735680777,0.0298181303810624,"Abcd2,Acer3,Cbr3,Clec16a,Ctsc,Eif3e,Eif3h,Gaa,Lamp2,Manba,Pde4d,Prickle1,Rpl5,Rps7,Sel1l,Slc4a4,Slfn8,Slfn9,Synj2"
"GO:0070727","GO:0070727","cellular macromolecule localization",1723,17,0.00164301820443109,0.0298181303810624,"Atp2c1,Copb1,Dnajc19,Ipo11,Lamp2,Nrxn1,Nupl2,Osbpl8,Prickle1,Rab3c,Sel1l,Sfn,Thy1,Tm9sf4,Tom1l1,Tram1,Zdhhc21"
"GO:0001932","GO:0001932","regulation of protein phosphorylation",1137,13,0.00167819074676836,0.030261221606791,"Dusp7,Flt1,Itga5,Nnt,Nrxn1,Osbpl8,Pde4d,Rap2b,Sfn,Sod1,Thy1,Tlr9,Tom1l1"
"GO:0034204","GO:0034204","lipid translocation",53,3,0.00170560229296715,0.0305596130580674,"Abca1,Abcc1,Atp8b5"
"GO:0043067","GO:0043067","regulation of programmed cell death",1587,16,0.00182062991080207,0.0322277417489074,"Acer3,Arnt2,Ctsc,Itga5,Mitf,Nnt,Rassf3,Rps6,Rps7,Serpinb9b,Sfn,Sgk3,Slc39a10,Sod1,Unc13b,Zmat3"
"GO:0050821","GO:0050821","protein stabilization",195,5,0.00182161782370291,0.0322277417489074,"Atp1b2,Lamp2,Rpl5,Rps7,Trim44"
"GO:0006939","GO:0006939","smooth muscle contraction",117,4,0.00187013709153576,0.0328793477405631,"Flt1,Pde4d,Sod1,Zdhhc21"
"GO:0021915","GO:0021915","neural tube development",198,5,0.00194706725372442,0.0336858037269967,"Coq7,Kdm6a,Prickle1,Rps7,Sox11"
"GO:0060562","GO:0060562","epithelial tube morphogenesis",395,7,0.0019734903498966,0.0336858037269967,"Coq7,Flt1,Hey1,Kdm6a,Prickle1,Rps7,Sox11"
"GO:0033700","GO:0033700","phospholipid efflux",15,2,0.00197952275111612,0.0336858037269967,"Abca1,Abcc1"
"GO:0036376","GO:0036376","sodium ion export across plasma membrane",15,2,0.00197952275111612,0.0336858037269967,"Atp1b2,Slc4a4"
"GO:0071379","GO:0071379","cellular response to prostaglandin stimulus",15,2,0.00197952275111612,0.0336858037269967,"Acaca,P2ry6"
"GO:0030336","GO:0030336","negative regulation of cell migration",292,6,0.00198785759640293,0.0336858037269967,"Atp1b2,Mitf,Osbpl8,Ptprm,Rap2b,Thy1"
"GO:0006468","GO:0006468","protein phosphorylation",1602,16,0.00200210403459413,0.0337240637683431,"Dusp7,Epha5,Flt1,Itga5,Nnt,Nrxn1,Osbpl8,Pde4d,Rap2b,Sfn,Sgk3,Sod1,Thy1,Tlr9,Tom1l1,Trpm6"
"GO:0006996","GO:0006996","organelle organization",3774,29,0.00202543506953534,0.0339139812535888,"Abca1,Abcd2,Atp2c1,Atp8b5,Clec16a,Clip4,Coq7,Dnajc19,Epha5,Gaa,Kdm6a,Marcksl1,Mtfr1l,Nrxn1,Pdlim5,Pdzd8,Poc1a,Rpl5,Sfn,Sod1,Spata6,Stau2,Syce2,Synj2,Thy1,Tom1l1,Tram1,Tubb2a,Unc13b"
"GO:0009306","GO:0009306","protein secretion",399,7,0.00208831776491306,0.0346361601854296,"Abca1,Epha5,Myom1,Nrxn1,Rab3c,Sel1l,Unc13b"
"GO:0098754","GO:0098754","detoxification",57,3,0.00210304643859373,0.0346361601854296,"Abcc1,Nnt,Sod1"
"GO:0043412","GO:0043412","macromolecule modification",3607,28,0.00211773592185094,0.0346361601854296,"Abca1,Dusp7,Epha5,Flt1,Gxylt1,Itga5,Kdm6a,Nnt,Nrxn1,Osbpl8,Parp8,Pde4d,Prickle1,Ptprm,Rap2b,Rpl5,Rps7,Sfn,Sgk3,Slc39a10,Sod1,Thy1,Tlr9,Tmx3,Tom1l1,Trim44,Trpm6,Zdhhc21"
"GO:0035592","GO:0035592","establishment of protein localization to extracellular region",400,7,0.00211781711763025,0.0346361601854296,"Abca1,Epha5,Myom1,Nrxn1,Rab3c,Sel1l,Unc13b"
"GO:0042177","GO:0042177","negative regulation of protein catabolic process",122,4,0.00217829207898541,0.0354192810299766,"Clec16a,Eif3h,Rpl5,Rps7"
"GO:0071806","GO:0071806","protein transmembrane transport",58,3,0.00221061748897337,0.0357383160717362,"Abca1,Dnajc19,Tram1"
"GO:0043951","GO:0043951","negative regulation of cAMP-mediated signaling",16,2,0.00225574529678493,0.0360534745446364,"Pde10a,Pde4d"
"GO:1902001","GO:1902001","fatty acid transmembrane transport",16,2,0.00225574529678493,0.0360534745446364,"Abcc1,Abcd2"
"GO:0070588","GO:0070588","calcium ion transmembrane transport",300,6,0.00227502147917518,0.0361561323215808,"Atp2c1,P2ry6,Pde4d,Thy1,Tlr9,Trpm6"
"GO:0071692","GO:0071692","protein localization to extracellular region",406,7,0.00230165158947206,0.036254840958551,"Abca1,Epha5,Myom1,Nrxn1,Rab3c,Sel1l,Unc13b"
"GO:0007423","GO:0007423","sensory organ development",641,9,0.00230700907628177,0.036254840958551,"Flt1,Hey1,Lrig3,Mitf,Ptprm,Sod1,Sox11,Stau2,Thy1"
"GO:0097035","GO:0097035","regulation of membrane lipid distribution",59,3,0.00232154605985443,0.0362806059242806,"Abca1,Abcc1,Atp8b5"
"GO:0044248","GO:0044248","cellular catabolic process",2103,19,0.00238380877900179,0.0370478126813924,"Abcd2,Acer3,Cbr3,Clec16a,Ctsc,Eif3e,Eif3h,Gaa,Lamp2,Manba,Nnt,Pde4d,Prickle1,Rpl5,Rps7,Sel1l,Slc4a4,Slfn8,Slfn9"
"GO:0009966","GO:0009966","regulation of signal transduction",2938,24,0.00239956092259339,0.0370877190948088,"Abca1,Clec16a,Ctsc,Dusp7,Flt1,Gpr37l1,Hey1,Litaf,Nrxn1,Osbpl8,P2ry6,Pde10a,Pde4d,Prickle1,Rpl5,Rps7,Sgk3,Slc39a10,Sod1,Sox11,Thy1,Tlr9,Trim44,Unc13b"
"GO:0048278","GO:0048278","vesicle docking",60,3,0.00243586772722283,0.0372396517210751,"Nrxn1,Rab3c,Unc13b"
"GO:0071715","GO:0071715","icosanoid transport",60,3,0.00243586772722283,0.0372396517210751,"Abcc1,P2ry2,Slco2b1"
"GO:2000146","GO:2000146","negative regulation of cell motility",305,6,0.00246973511692017,0.0375533236967375,"Atp1b2,Mitf,Osbpl8,Ptprm,Rap2b,Thy1"
"GO:0003413","GO:0003413","chondrocyte differentiation involved in endochondral bone morphogenesis",17,2,0.00254909355076241,0.0385516137542724,"Col27a1,Poc1a"
"GO:0050790","GO:0050790","regulation of catalytic activity",1805,17,0.00267298758073773,0.0402091661209372,"Dusp7,Epha5,Flt1,Nrxn1,Osbpl8,Rap2b,Rapgef5,Rpl5,Rps7,Serpinb9b,Sfn,Slc39a10,Sod1,St18,Thy1,Tlr9,Tom1l1"
"GO:0006936","GO:0006936","muscle contraction",314,6,0.00285150941692437,0.0423343518379801,"Flt1,Gaa,Myom1,Pde4d,Sod1,Zdhhc21"
"GO:0015701","GO:0015701","bicarbonate transport",18,2,0.00285941231753154,0.0423343518379801,"Car4,Slc4a4"
"GO:0043217","GO:0043217","myelin maintenance",18,2,0.00285941231753154,0.0423343518379801,"Abcd2,Sod1"
"GO:0032940","GO:0032940","secretion by cell",927,11,0.00287876335687054,0.0423977032611353,"Abca1,Anxa3,Epha5,Gab2,Myom1,Nrxn1,P2ry2,Rab3c,Sel1l,Sox11,Unc13b"
"GO:0014911","GO:0014911","positive regulation of smooth muscle cell migration",64,3,0.00292777374262025,0.042894935093702,"P2ry2,P2ry6,Pde4d"
"GO:0048583","GO:0048583","regulation of response to stimulus",4051,30,0.0029441796872946,0.0429118003127447,"Abca1,Abcc1,Ccr6,Cd276,Clec16a,Ctsc,Dusp7,Flt1,Gab2,Gpr37l1,Hey1,Litaf,Mtus1,Nrxn1,Osbpl8,P2ry6,Pde10a,Pde4d,Prickle1,Rpl5,Rps7,Serpinb9b,Sgk3,Slc39a10,Sod1,Sox11,Thy1,Tlr9,Trim44,Unc13b"
"GO:0050793","GO:0050793","regulation of developmental process",2654,22,0.00311041661205883,0.0449769011473863,"Anxa3,Cd276,Ctsc,Flt1,Gpr37l1,Hey1,Itga5,Mitf,Nrxn1,Pdlim5,Pdzd8,Plekhb2,Prickle1,Ptprm,Rbfox1,Sfn,Sod1,Sox11,Stau2,Thy1,Tlr9,Zdhhc21"
"GO:0043085","GO:0043085","positive regulation of catalytic activity",1077,12,0.00311784419613947,0.0449769011473863,"Epha5,Flt1,Nrxn1,Osbpl8,Rapgef5,Rpl5,Slc39a10,Sod1,St18,Thy1,Tlr9,Tom1l1"
"GO:0003012","GO:0003012","muscle system process",430,7,0.0031631854820386,0.0453981671478295,"Flt1,Gaa,Myom1,Pde4d,Pdlim5,Sod1,Zdhhc21"
"GO:2000678","GO:2000678","negative regulation of transcription regulatory region DNA binding",19,2,0.00318654742367143,0.0455013091512067,"Hey1,Sox11"
"GO:0051960","GO:0051960","regulation of nervous system development",554,8,0.00339212491279245,0.0481921584832584,"Ctsc,Flt1,Gpr37l1,Hey1,Nrxn1,Sox11,Stau2,Thy1"
"GO:0019933","GO:0019933","cAMP-mediated signaling",68,3,0.00347664514476109,0.0491447376493112,"Epha5,Pde10a,Pde4d"
"GO:0034695","GO:0034695","response to prostaglandin E",20,2,0.0035303457119556,0.0496543124386555,"Acaca,P2ry6"
